Actividad Económica,Producto,1992,1993,1994,1995,1996,1997,1998,1999,2000,2001,2002,2003,2004,2005,2006,2007,2008,2009,2010,2011,2012,2013,2014,2015,2016,2017,2018,2019,2020,2021,2022,2023(p), 2024(p),Enero a Marzo 2025(p)
"AGRICULTURA, GANADERÍA, CAZA SILVICULTURA Y PESCA","AGRICULTURA, GANADERÍA, CAZA SILVICULTURA Y PESCA",97608.313,93938.11099999998,236346.802,250756.28600000002,332312.20700000017,293562.7679999999,242885.76699999993,259268.793,270552.887,78888.81448,103230.55446999999,203993.4641499999,214042.84175000002,290024.78093999997,290515.44981,304377.27358999994,412623.58197000006,524088.14142,409516.87549999997,242536.95228,605472.0853400002,894319.1524900001,434569.06260999996,375293.13993,375216.26037000003,267034.14433000004,268168.89322,248803.13277999996,274569.20897,400147.66705000005,855387.89503,694899.3400900001,442306.61793999997,58497.76136999999
"AGRICULTURA, GANADERÍA, CAZA SILVICULTURA Y PESCA",Castaña,6607.26,8246.366,7484.106,7665.845,9960.956000000002,9961.056,10780.448,10978.643,13368.549,13936.4822,14067.567719999997,16263.387,14702.253999999999,16488.3228,18537.07385,19919.149199999996,19864.91237,21353.06333,20200.134379999996,18662.478110000004,21391.36834,20194.03834,25486.411429999996,24596.69439,26087.646940000002,14111.943829999998,25628.07318,23342.16025,24439.28296,22964.29918,26450.94118,22686.18895,27679.697509999998,3387.14534
"AGRICULTURA, GANADERÍA, CAZA SILVICULTURA Y PESCA",Semillas y Habas de Soya,70038.375,71277.53300000001,189857.82400000002,208826.874,265514.69500000007,225461.84000000003,192165.30399999997,180074.121,215940.32299999997,8839.968,29172.624000000003,115229.34279999998,90121.98659999999,146479.18667999998,70221.92563,66147.47200000001,92507.243,134925.83000000002,51228.24,31895.86,298979.646,593398.9782,183636.408,6843.12,90897.20399999998,13887.35,7422.55,11101.98,19158.66,87010.535,604816.692,459178.981,202390.82169999997,
"AGRICULTURA, GANADERÍA, CAZA SILVICULTURA Y PESCA",Quinua,493.23699999999997,537.693,1157.503,1491.9210000000003,1714.2910000000002,1775.559,1405.394,2030.186,1431.336,2123.33625,2019.34498,2801.6131,3867.89875,4826.09724,7645.19939,10455.982020000001,10310.92251,14376.43693,15401.57075,20179.615339999997,26011.085600000002,34745.97827,29505.4709,25102.459300000002,29415.590050000006,32369.611320000004,33241.53384,32145.17518,37298.08548,28172.52359,22332.684139999998,25641.872310000002,29434.129460000004,6242.912109999999
"AGRICULTURA, GANADERÍA, CAZA SILVICULTURA Y PESCA",Frijoles,,,,2255.392,2934.64,12340.575,8343.573999999999,16803.395,11854.27,19197.839999999993,22121.00323,18752.43,26540.92428,20982.014000000003,23411.9174,32023.15058,34739.2503,57743.47699999999,44278.077099999995,30580.788,36377.01834,38126.40499999999,27126.433599999997,21663.752619999996,34670.429,13148.6,16362.964000000004,15780.445,19010.898,12938.04536,19398.190000000002,14244.550000000001,9697.9326,1010.458
"AGRICULTURA, GANADERÍA, CAZA SILVICULTURA Y PESCA",Bananas,316.03,176.37399999999997,545.5,824.3259999999999,2356.2639999999997,1482.9630000000004,3105.406,10124.859999999999,8773.367,12924.7324,16987.321799999994,28394.376,42730.34087,53757.36879999999,77791.97989999999,80695.86300000003,88270.43917999999,90113.94493999996,88370.02354,108121.10839,100929.91796000002,107766.84131999998,115806.86912000002,125024.56099999999,125414.53000000001,143538.35,120194.05,109456.64399999999,116377.34,114661.84837,127456.60800000001,125164.666,100370.05300000001,34342.880000000005
"AGRICULTURA, GANADERÍA, CAZA SILVICULTURA Y PESCA",Café sin Tostar,5324.736,2711.8360000000002,4896.429999999999,5737.921,7388.780000000001,6725.195000000001,5841.341,7493.83,6314.6900000000005,4217.586,4590.586,4452.753,5404.351000000001,5049.356000000001,5551.989,5249.11,4404.6547199999995,4706.6714999999995,4375.525,4566.3105,3888.5602500000005,3603.618,3565.3109999999997,1816.2245,1328.883,1510.4473999999998,1402.883,1221.2640000000001,1256.39814,1687.3746400000002,2480.87129,1790.83,2427.25717,550.8927500000001
"AGRICULTURA, GANADERÍA, CAZA SILVICULTURA Y PESCA",Chía,,,,,,,,,,,,,,,,392.35,1247.175,675.64,1277.988,1505.9802,1448.9582500000001,9617.69706,9832.471409999998,20105.25763,15142.46162,12393.772359999999,12908.899500000001,9504.2228,12621.94093,11337.2821,8126.40814,9969.31056,11255.31593,1993.4573999999998
"AGRICULTURA, GANADERÍA, CAZA SILVICULTURA Y PESCA",Algodón sin Cardar ni Peinar,6069.460999999999,5153.271,8368.456,13905.377999999999,18188.854000000003,22371.111999999997,8584.382,14623.638,7854.076,2305.823,2110.1145,1439.1592500000002,2987.2242100000003,3028.4650899999997,2732.78251,2589.0419899999997,1373.9326,356.21414,,263.25201999999996,452.00612,247.51404,,,,,,,,0.0,10.52098,,,
"AGRICULTURA, GANADERÍA, CAZA SILVICULTURA Y PESCA",Semillas de Sésamo(ajonjolí),,,,,,,,17.702,330.0,1749.5650000000003,3809.11,3931.7590999999993,10561.912339999999,21774.470960000002,14486.956010000002,12197.942920000001,4658.988600000001,13359.407879999999,7908.52494,8848.130000000001,4688.7500199999995,6278.89184,5439.65798,5024.458699999999,5845.691699999999,3627.94904,4628.9141199999995,4847.05404,10042.230699999998,13211.171,11970.8184,11775.61282,10765.90145,2190.1
"AGRICULTURA, GANADERÍA, CAZA SILVICULTURA Y PESCA",Maíz,391.515,91.995,2133.6949999999997,4157.5459999999985,5234.664999999999,4953.914000000002,592.3190000000001,7940.836000000001,1272.5310000000002,8832.193610000004,2117.38064,5174.261100000001,6163.085409999999,4306.790910000001,25293.69646000001,24326.76320000001,10519.33723,34346.24229,4626.268490000001,1451.4868199999996,60800.518469999966,29811.602069999986,7862.72621,103028.6707,22329.49897,3142.9974699999993,8764.825769999998,6276.202289999999,3463.87635,57703.39420999999,4774.87867,1373.7824,21071.43085,3623.2259
"AGRICULTURA, GANADERÍA, CAZA SILVICULTURA Y PESCA",Maníes,0.573,13.86,198.62300000000002,39.222,9.738,13.376999999999999,197.37799999999996,798.151,117.048,1219.98395,1175.3971999999999,1426.4725,1761.5240400000002,3026.3983999999996,3112.84466,2770.3202199999996,4056.3186399999995,3136.5377999999996,4218.216100000001,5497.49524,7255.10148,6180.17109,7552.93762,9193.12402,8635.02209,8876.46814,11642.750569999998,12669.4925,11455.362140000001,16187.795470000001,18410.380839999998,13130.126600000003,9112.46354,3653.18542
"AGRICULTURA, GANADERÍA, CAZA SILVICULTURA Y PESCA",Semillas de Girasol,183.185,1030.276,1415.2740000000001,268.10400000000004,891.165,389.34499999999997,2881.9189999999994,1202.1929999999998,171.12500000000003,148.3271,574.5631,940.53565,675.3066,451.645,209.74045,6157.661400000001,31248.165000000005,67256.58350000001,16715.46411,871.4504999999999,9380.9725,11948.730300000001,1450.4597999999999,870.1041,516.6173,295.5586,212.6554,239.26549999999997,261.9121,38.9758,332.8463,324.06700000000006,138.6789,0.09
"AGRICULTURA, GANADERÍA, CAZA SILVICULTURA Y PESCA",Frutas y Frutos Comestibles,0.35,22.453,3275.279,666.9730000000001,1002.391,265.57199999999995,865.012,163.68199999999993,336.7179999999999,328.60142,781.6547999999999,1143.4410300000002,3143.04912,3630.57121,4734.366010000002,4356.316329999999,3453.7847599999996,2589.06195,3746.2247799999986,4295.76873,3633.97773,3316.7237299999993,4751.8939199999995,6565.5993499999995,5357.884429999999,3129.8896399999985,756.7546599999998,804.5897699999999,2690.3595699999996,1793.6140599999999,349.4693000000001,366.44117000000006,326.84272,28.05616
"AGRICULTURA, GANADERÍA, CAZA SILVICULTURA Y PESCA",Cacao en Grano,73.36,181.7,244.64999999999998,154.37,117.05999999999999,205.0,174.32999999999998,129.315,197.95499999999998,160.69,174.12,194.22,262.975,267.03999999999996,303.86,273.37,164.95,338.27,724.8,555.3054500000001,395.40092,241.4545,92.2,228.275,145.206,216.91209999999998,254.85750000000002,208.20959999999997,216.01899999999995,191.173,174.22400000000002,402.227,1931.7721000000001,183.74
"AGRICULTURA, GANADERÍA, CAZA SILVICULTURA Y PESCA",Flores,197.122,208.94100000000003,415.48499999999996,258.981,294.54200000000003,202.24900000000002,296.01599999999996,277.1459999999999,170.77700000000004,117.88050000000001,66.18130000000001,43.31349999999999,7.7702,17.4007,14.4111,9.0856,1.26225,1.5744999999999996,10.83,22.376,22.86996,10.180649999999998,3.30675,0.21,0.106,2.36,,,,0.15361000000000002,,,0.0968,0.413
"AGRICULTURA, GANADERÍA, CAZA SILVICULTURA Y PESCA",Ganado Vacuno,,960.0,3706.0,,690.0,920.0,934.88,1150.0,238.18,,1085.5,133.0,,,,,,,,,,,,,,,,,,,,,,
"AGRICULTURA, GANADERÍA, CAZA SILVICULTURA Y PESCA",Maderas sin Aserrar,108.0,,,1043.334,2997.721,3487.489,365.0,124.0,159.81699999999998,243.76500000000001,94.69800000000001,1176.8,841.758,774.865,1077.48,1061.54279,869.3224999999999,249.41299999999998,123.114,165.6504,80.07900000000001,71.345,67.045,1.54077,15.424,,,,,,,,,
"AGRICULTURA, GANADERÍA, CAZA SILVICULTURA Y PESCA",Cueros en Bruto,11.408,285.929,,5.0,0.04,45.442,0.42,28.747999999999998,,453.125,937.3469999999999,369.5,35.66109,12.74273,53.71191,,0.09,23.3354,116.561,89.344,0.5343300000000001,,0.0203,0.02555,,,,,15.1888,10.889,18.140099999999997,10.0443,21.502200000000002,
"AGRICULTURA, GANADERÍA, CAZA SILVICULTURA Y PESCA",Pesca,404.961,426.597,116.56099999999999,27.095000000000002,9.596,5.718999999999999,20.810000000000002,1.0,,,,,,0.718,0.226,0.203,0.039,,,,,,,,,,,,,,,,,
"AGRICULTURA, GANADERÍA, CAZA SILVICULTURA Y PESCA",Otros Productos Agropecuarios,7388.7400000000025,2613.2870000000003,12531.416000000005,3428.004000000001,13006.809000000001,2956.3609999999994,6331.834000000003,5307.347,2022.1250000000018,2088.915049999999,1346.0402000000006,2127.100119999999,4234.820240000002,5151.327419999996,35335.28953000001,35751.94933999999,104932.79431000006,78536.43725999999,146195.31330999997,4964.55258,29735.32007000001,28758.98308000001,12389.43957000001,25229.06229999998,9414.065270000008,16781.934429999994,24747.18168,21206.427850000004,16261.654800000002,32238.59266,8284.22169,8840.63998,15682.722010000001,1291.2052899999999
EXTRACCIÓN DE HIDROCARBUROS,EXTRACCIÓN DE HIDROCARBUROS,2852705.5000000005,2852305.233,2947126.8759999997,3068785.7249999996,2951154.865,2376022.716,2431024.62,1699240.1779999998,1806616.1120000002,3361034.28514,4157248.48398,4757021.78083,7149608.77153,8694790.652660001,9361691.202030001,9578767.2821,9657778.04105,7803606.11507,9149424.2788,9898765.14603,11739293.80008,13621519.47289,14197316.858819999,13775144.1863,12326429.606040003,11604746.852969998,10581104.06695,8959903.22098,9086764.09296,9050485.44761,7631653.811299999,6094961.33776,4787286.00854,919327.31801
EXTRACCIÓN DE HIDROCARBUROS,Gas Natural,2836861.1750000003,2784046.433,2883106.8759999997,2729966.371,2733122.5130000003,2153314.4,2092326.328,1437087.754,1624864.323,3117825.90714,3771551.03998,4316617.314619999,6476168.240569999,7967079.3062,8656708.884720001,9085705.353,9225356.04905,7518311.97207,8856825.7148,9606824.17303,11225407.89298,12981068.30892,13464476.33501,13219276.55696,12050503.342040002,11461526.284969999,10441139.53895,8903618.51698,9057615.32096,8989591.19599,7630947.8911,6059659.134,4784249.311989999,919327.31801
EXTRACCIÓN DE HIDROCARBUROS,Combustibles,15844.325,68258.8,64020.0,338819.35399999993,218032.35199999998,222708.316,338698.292,262152.424,181751.789,243208.37799999997,385697.444,440404.4662100001,673440.5309600001,727711.3464600003,704982.3173100001,493061.92910000007,432421.99199999997,285294.143,292598.564,291940.973,513885.9071,640451.1639700001,732840.5238099999,555867.6293400001,275926.26399999997,143220.56799999997,139964.528,56284.704,29148.772,60894.251619999995,705.9202,35302.20376,3036.6965499999997,
EXTRACCIÓN  DE MINERALES,EXTRACCIÓN  DE MINERALES,412068.133,353685.41399999993,290271.45199999993,370138.716,357109.3919999999,380426.34,382267.30299999996,350451.38599999994,375491.339,335642.77327,375612.48126000003,422546.74908,430463.03737,435271.68459,517124.1773299999,636941.79604,994328.6260599997,1044495.3596000001,1057693.47672,1206898.9749999999,1118373.96474,1176289.6768299998,1094778.28449,1117281.8070699999,1219989.3288200002,1268936.7120500002,1304500.8379300002,1281385.9671700003,969996.2625600001,1283201.83994,1570134.5837599998,1183839.6444299999,1260336.56407,253337.13728000002
EXTRACCIÓN  DE MINERALES,Mineral de Zinc,292526.91800000006,245539.20400000003,210031.297,292812.10599999997,297973.2349999999,311324.132,311792.248,294553.366,301096.14499999996,268819.1527,289591.48256000003,304663.4557,295508.96685,305025.54561000003,368377.9491099999,438823.59559,743752.02036,786413.4491300001,775365.9850399999,815900.92325,732140.39961,752918.0862199999,709403.2777700002,686556.32571,720783.05944,727394.7656200001,764464.9830199999,759024.28215,526787.1689800001,701013.20419,774485.09643,585764.3472099999,536839.1440300001,121923.19475000001
EXTRACCIÓN  DE MINERALES,Mineral de Plata,1641.073,2744.6079999999997,2204.297,2627.660999999999,3742.5310000000004,2307.4489999999996,1641.817,1703.2820000000004,2175.434,2276.91028,2820.84398,3498.79043,3480.38259,3302.3620900000005,4311.59941,3879.1044500000003,10122.54098,10158.899399999998,11850.23345,13330.277479999999,14625.581629999999,16110.22067,15086.763029999998,15762.90494,20296.58282,15504.93217,12820.84626,19511.88854,14286.19698,13173.861299999999,13926.4817,6230.48028,2484.6867400000006,593.4971899999999
EXTRACCIÓN  DE MINERALES,Mineral de Plomo,35348.103,38365.778999999995,38220.413,35076.439,29417.48,35811.518,34936.681,24925.042,27252.651,23690.576779999996,28838.018329999995,28750.28366,35257.61668000001,34793.46518,41467.772370000006,51793.82715,141808.79953000002,137207.46528,122313.4327,170852.25571,144035.54703999998,146966.94105,114692.83525999999,109635.16174,120340.9199,147543.00772000002,149467.04498999997,123530.73138,90083.24474999998,136668.54843,139133.50779,109258.66002000001,115101.57304999998,26748.88445
EXTRACCIÓN  DE MINERALES,Mineral de Estaño,6206.309,2895.6859999999997,2532.877,2439.813,3768.929,3552.8330000000005,2616.779,1842.144,3553.0150000000003,2008.4429999999998,4025.9002800000007,5408.12126,7112.2016699999995,6193.13259,6380.402099999999,5294.09009,5896.24232,4942.6012,6982.518260000001,5452.6070500000005,5565.78907,3567.7513599999997,2108.55593,2460.09344,823.5671999999998,112.81709,69.283,47.209,3376.2506500000004,5992.691,82.12567999999999,819.7923999999999,2881.3198800000005,810.33051
EXTRACCIÓN  DE MINERALES,Boratos,21363.305999999997,22140.441,18787.586000000003,10596.142000000002,12523.35,17603.411,17685.628,17473.502,33833.207,28636.634999999995,39846.728,70988.765,75983.221,63860.61200000001,38342.234000000004,70833.732,59038.459800000004,85799.72199999998,100864.38309,141085.99911,131250.7829,165531.142,153146.15561,150057.28891,183382.82906000002,209461.18702,217847.95067,217473.07338,260981.30379000006,313752.79466,295794.22043,321929.97323,375887.06398,37708.89112
EXTRACCIÓN  DE MINERALES,Wólfram,1511.809,677.1080000000001,835.5230000000001,1173.741,1030.7459999999999,916.89,882.157,589.1320000000001,691.7439999999999,937.1930000000001,703.16518,775.7932099999999,712.6429700000001,957.54202,1546.942,1987.3404899999998,2035.05935,1797.3617900000002,2125.98216,1954.0976699999997,2164.64546,2216.59329,2253.4851000000003,2557.4169800000004,1911.33954,1796.9369599999998,2315.7606499999997,1789.19001,2317.76108,2661.33834,2252.2902,1905.9570599999997,2137.6424500000003,388.1065
EXTRACCIÓN  DE MINERALES,Mineral de Cobre,274.778,312.39099999999996,145.672,293.079,281.664,1123.2889999999998,155.453,215.373,412.912,150.75794000000002,1082.3916699999997,1182.01367,851.0533399999999,662.91837,1815.36114,6073.43057,10409.389000000001,8493.09739,14626.450850000001,13293.97833,45757.49968,48032.591790000006,46353.45783999999,40476.365150000005,29954.083730000002,27246.43519,15259.91521,9361.306719999999,8211.21468,10926.33932,13294.220059999998,11435.58826,10850.646970000002,5034.292939999999
EXTRACCIÓN  DE MINERALES,Mineral de Oro,4.47,0.587,0.001,0.005,,,,0.033,0.035,0.00633,0.0059900000000000005,0.1547,0.25744,0.28976999999999997,0.45681999999999995,0.06688000000000001,0.19826000000000002,0.62499,6.328220000000001,6.687209999999999,6.332180000000001,5.70594,4.53921,5.35493,4.800590000000001,3.62746,3.9953600000000002,3.37847,5.209779999999999,1.95615,1.7867799999999998,0.7680899999999999,0.90042,0.12708
EXTRACCIÓN  DE MINERALES,Mineral de Antimonio,1607.2810000000002,1057.937,5119.004,2881.919,1953.341,1383.8700000000001,1270.986,806.0099999999999,1131.122,569.54,1558.02132,1764.56139,1506.3159899999998,4381.17264,4470.09257,1808.2903200000003,1760.4010000000003,1393.34391,2399.2321299999994,802.76372,1218.66136,2408.66471,1266.52774,1378.0764499999998,1061.1668,1526.9587100000003,2065.51066,2066.8627500000002,1555.8595799999998,3026.921,3319.5298699999994,1954.78627,3097.9528499999997,448.75437
EXTRACCIÓN  DE MINERALES,Sulfato de Bario Natural,361.904,,3295.959,10822.261999999999,4745.0,4314.0,2600.0,5960.12,3250.0,6855.0,1555.5,1851.0,6969.4,13369.7,10121.1,9819.8,11082.0,2069.0,8289.2,22196.936,21157.608,30808.00319,26240.0,46732.0,16632.0,32924.0,55790.09,39458.2,9611.0,26780.5,48952.0,54508.5,67787.5,14911.5
EXTRACCIÓN  DE MINERALES,Piedras Preciosas y Semipreciosas Naturales,46.44800000000001,231.44,228.627,311.54499999999996,246.061,137.141,145.501,359.97299999999996,188.237,64.92721999999999,3.76775,3.22079,199.61435,89.09143999999999,127.02099999999999,135.44689,248.94947000000002,515.02584,460.11215000000004,267.02373,95.24049,246.46258,188.70363999999998,242.64141,152.15337,221.58594000000002,243.48747,216.21917,431.57869,510.98305,421.99284000000006,343.67467000000005,499.78231000000005,62.05507000000001
EXTRACCIÓN  DE MINERALES,Otros Minerales,50427.303,39013.111,2504.45,267.314,39.642,3.032,614.332,132.722,116.071,171.006,177.39632999999998,290.49800000000005,713.65,1140.7839999999999,758.2250000000001,1593.37406,1641.955,491.048,9212.75495,18141.337069999994,16144.977239999998,3445.4220000000005,18721.29965,24454.27611,2939.922,41941.84152,77263.06042000001,99631.8881,37216.581600000005,46529.513,250859.98895999996,67366.11149000001,104872.39905,28931.1923
EXTRACCIÓN  DE MINERALES,Otras Minas y Canteras,748.4310000000002,707.1220000000001,6365.745999999999,10836.69,1387.413,1948.7749999999996,7925.721000000003,1890.6870000000001,1790.7659999999992,1462.6250199999997,5409.259870000001,3370.09127,2167.714490000001,1495.068879999999,39405.02181000001,44899.697550000004,6532.61099,5213.720670000001,3196.8637200000007,3614.0886700000005,4210.90008,4032.092030000001,5312.683709999999,36963.90130000003,121706.90437000003,63258.616649999996,6888.91022,9271.737500000003,15132.892000000002,22163.1895,27611.343019999997,22321.00545,37895.95234,15776.311000000002
INDUSTRIA MANUFACTURERA,INDUSTRIA MANUFACTURERA,394992.72000000003,419285.66900000005,605341.2270000002,624164.1440000001,776590.4319999999,883563.2369999994,956262.2329999999,1037526.4310000001,1326403.8839999996,1435381.2459999998,1629135.6073899993,1754060.9614899994,1972495.4534300005,1903844.3810199995,2045747.8880700008,2032396.4357699996,1818646.4822499994,2088333.8583200008,2127833.9445399996,1855359.6150599995,2181256.7224999997,2711837.9183900007,2712342.462300001,2597596.79276,2881115.99953,2670909.106829999,3095542.55311,3319126.1380100003,3041945.2762900004,3744786.61926,4493315.671830001,4078746.89176,3647849.8200999997,612832.1501900001
INDUSTRIA MANUFACTURERA,Productos Derivados de Soya,154212.002,210861.60400000008,264476.913,364986.002,465459.035,564725.3369999999,643142.09,722583.3049999999,973766.2040000001,1087302.90571,1298120.45785,1361814.01131,1388911.8095999998,1382636.29303,1428302.7550000001,1321943.8420499999,1016662.5873000001,1251063.1070700001,1336954.543,1300797.8018900002,1533224.79826,1826389.48419,1992349.62481,2005442.78655,2219202.9040000006,1864492.6890000002,1977114.7789999999,2046969.43432,2087633.8612199998,2458697.52523,2950768.5809899997,2765947.58668,2022549.3411800002,235268.93435
INDUSTRIA MANUFACTURERA,Oro Metálico,0.16399999999999998,6.228999999999999,10.181,10.780999999999999,9.863999999999999,10.496999999999998,12.188000000000002,10.220999999999998,10.125000000000002,10.756520000000002,9.42515,6.56295,3.40069,6.011299999999999,7.481189999999999,6.20103,5.825500000000001,4.421469999999999,2.7453,1.8017899999999998,1.68561,8.17849,35.77483000000001,20.702600000000004,19.9325,28.745470000000008,31.855049999999995,41.758660000000006,24.718020000000003,50.89009,69.29564,44.62663,9.37678,0.8192600000000001
INDUSTRIA MANUFACTURERA,Estaño Metálico,12750.313999999998,14513.044,15492.621000000001,13152.987000000001,11548.879,12539.755000000003,10508.857,11975.778000000002,12150.877999999999,11128.07011,11955.323959999998,12832.171929999999,14002.182249999998,13579.187000000002,13822.255799999999,12307.031329999998,12736.70406,15421.443779999998,14985.039199999997,14995.088500000003,14400.121899999996,15044.1373,15797.265260000004,15671.540379999999,16779.280390000007,16721.230000000003,15854.771,15240.74601,10285.908010000003,15860.45601,15398.90948,15234.396530000004,17752.585059999998,2973.9758199999997
INDUSTRIA MANUFACTURERA,Maderas y Manufacturas de Madera,99750.82500000004,90411.53800000003,134241.02700000006,96872.63599999991,104949.82699999998,103641.181,71893.31200000009,45187.36999999997,49149.373000000036,41335.54713999999,37882.25794,47443.999889999955,79070.06582000005,96130.85694000003,122465.67761000013,136637.11672999995,137428.67014999993,118951.57523999999,171482.35653999998,125538.60231000007,86740.89360000002,71684.41142000005,60124.56267999997,50935.5205,47121.169949999996,60520.805879999956,72195.13864999994,69597.81673,75401.67252000001,135114.26394,145397.04614,158772.85885999998,181594.87743999998,34708.400890000004
INDUSTRIA MANUFACTURERA,Plata Metálica,155.57999999999996,1050.973,87.19000000000001,81.85799999999999,726.263,73.869,84.83900000000001,75.488,57.218,31.989389999999997,33.7866,27.56308,11.425680000000002,18.140870000000003,24.5048,24.795320000000004,43.68533,33.387900000000016,180.4813,259.99980999999997,210.61182,212.57351999999997,210.80355,197.94952,199.3923,151.72641,160.42224000000002,183.24047,176.36165999999997,184.14064000000002,165.11355999999998,156.41540999999998,141.43311,32.42164
INDUSTRIA MANUFACTURERA,Desechos y Amalgamas de Metal Precioso,,,,,,,,,,,,0.5785999999999999,1.17197,1.70837,1.78973,0.30820000000000003,0.45619999999999994,0.8916400000000001,2.89487,4.989050000000001,27.328120000000002,123.34114999999998,,,,,0.00817,,,0.0,,0.01,,
INDUSTRIA MANUFACTURERA,Joyería de Oro,0.6660000000000001,4.33,11.664000000000001,9.708,5.382999999999999,3.081,0.8470000000000001,2.9719999999999995,6.0809999999999995,5.40335,6.94513,5.999080000000001,5.952459999999999,6.16149,5.028859999999999,4.54758,1.55074,0.14973,0.9167699999999999,0.8996,0.9209799999999999,2.53444,1.5460900000000002,2.9467499999999998,3.40837,2.71459,3.5187800000000005,4.2288,3.26359,4.945119999999999,2.08636,0.24197000000000002,2.7633900000000002,0.52156
INDUSTRIA MANUFACTURERA,Productos Derivados de Girasol,860.0,2159.955,1954.4069999999997,5892.1410000000005,13592.166,30985.798000000003,32373.440000000002,69922.421,64667.836,97019.94939999998,64854.05363,36094.1276,56294.721000000005,63160.549080000004,115622.89400000001,148737.29750000002,189873.64599999998,242058.35700000005,200201.22996,101611.90916000002,132824.52472,162579.77271000002,135082.52291000003,78160.77399999999,80138.28899999998,89566.48207,100260.157,115895.67340999999,176469.96834000005,178548.79627000002,160388.39531,218560.38507000002,203517.18084999998,47422.12365
INDUSTRIA MANUFACTURERA,Productos de la Refinación del Petróleo,16945.165,8799.734,22577.585,40283.273,28592.042999999998,31650.238999999998,32137.094,36538.49100000001,38526.735,29018.939000000002,34627.914110000005,53163.424399999996,92201.96931999999,83392.61241999999,83115.37748000001,76310.28984999996,75549.85703000001,31255.20975,30268.889220000005,29094.792440000005,28814.05664999999,41184.27594,41313.03512,41502.31821000001,43273.08688999999,44408.70721999999,42054.841280000015,38476.56921,12012.801989999996,17829.72678,27750.323650000002,34251.261549999996,36683.12300000001,7565.64276
INDUSTRIA MANUFACTURERA,Productos Textiles,1979.157,3588.338999999999,4465.062999999999,700.7710000000002,1217.5959999999995,1954.4889999999998,5054.1430000000055,6719.880000000002,7352.418000000002,6126.154710000001,2639.2748799999963,4474.053689999999,6088.931760000016,6842.278640000009,7563.641510000003,7703.31660999999,8452.30014000001,4870.768450000004,3514.137949999993,2616.068399999999,3020.53809,2585.6861800000024,2677.9314000000013,2168.0670900000005,1140.9634300000007,1722.2463500000024,2212.933919999999,3485.334240000001,2559.2845500000008,3340.9834299999998,2883.8318799999997,1757.9253399999996,3832.342899999999,982.1106599999999
INDUSTRIA MANUFACTURERA,Joyería con Oro Importado,4.305,4.319000000000001,1.8480000000000003,1.3559999999999999,6.058,7.532,7.265000000000001,5.811,2.372,1.9780000000000002,2.70343,2.44009,2.2370799999999997,1.7858500000000002,2.15907,1.28226,2.4202800000000004,3.339689999999999,1.2119600000000001,0.72661,1.1640100000000002,1.6441000000000001,1.9284200000000002,1.9445099999999997,1.94439,2.07284,0.13930999999999996,0.01474,0.011970000000000001,0.017439999999999997,0.01314,0.011770000000000001,0.005489999999999999,0.0020099999999999996
INDUSTRIA MANUFACTURERA,Cueros y Manufacturas de Cuero,4909.016000000003,5365.322999999999,3489.201000000002,3180.8079999999977,2651.293999999999,4827.562000000002,3518.719999999999,5401.412999999996,7555.71400000001,7386.359330000015,8762.900139999983,9626.31577,10711.435450000012,9845.776930000009,12754.35741999998,11296.169020000003,8907.653599999996,7649.273209999997,14043.257640000002,14402.169880000001,13699.675720000007,17287.818109999975,18812.354020000013,16227.483179999988,16805.741419999966,17747.295889999987,13813.868969999998,10957.122699999982,8520.41995,21050.163090000002,17399.23954,20375.525019999997,22903.13238,5190.5104200000005
INDUSTRIA MANUFACTURERA,Alcohol Etílico,10567.353000000001,11253.176,10088.982,10744.550000000001,22093.034,11289.738000000001,9804.180000000002,9910.565,17780.312,21540.201,18837.281430000003,37829.977,49863.89921999999,44340.9365,51765.71400000001,64667.43550000001,85543.66844999998,100235.2708,105200.6282,63104.581759999994,70200.7202,133989.38958000002,112055.35375000001,107292.32056999998,91766.93406999997,71859.44195,112659.54142000001,110529.92034000001,104886.68466,83741.94292,90115.35048,50056.503789999995,42633.77415,12457.346200000002
INDUSTRIA MANUFACTURERA,Azúcar,74327.47099999999,38291.822,107301.06999999999,44152.942,72327.18299999999,65668.97700000001,68596.192,29543.898999999998,23001.796999999995,30340.089999999997,50640.50982,88921.39374,122351.3405,59299.47154,43182.566660000004,84821.006,146478.91,202116.28600000002,87782.57,857.0,44880.474,160047.89195000002,19050.8,1034.95,26885.8,1454.1100000000001,65478.6,102157.636,136344.39,151403.388,129847.27519999999,96956.99519999999,74722.49,19423.8
INDUSTRIA MANUFACTURERA,"Prendas de Vestir, Adobo y Tenido de Pieles",198.11900000000003,260.85300000000007,1152.3919999999996,548.27,1074.4209999999978,978.6239999999995,780.0159999999997,1193.0090000000023,1486.8619999999985,1312.7857700000022,1227.1988100000005,1560.37032,3277.257459999996,3333.2492300000026,3587.1597900000015,2368.682319999998,2334.117160000001,1732.4742399999984,1994.4758100000013,1710.392810000002,1466.3476000000003,1295.8140099999994,1171.8921500000001,890.4939699999987,635.1429599999999,629.7219299999998,645.7762499999998,504.27286000000026,341.6385700000001,702.07316,798.6691900000001,781.2732900000001,627.62281,110.20762
INDUSTRIA MANUFACTURERA,Antimonio Metálico y Óxidos de Antimonio,6920.3330000000005,5442.814999999999,6885.204999999999,5871.0509999999995,5673.741,6107.346,4569.021,2862.8160000000003,1513.8139999999999,2302.5000000000005,1697.1039999999996,1939.8279899999998,2601.2740400000002,3864.2591500000003,3517.8007699999994,3573.0687500000004,3515.5923399999992,2794.631,4295.059109999998,4012.2973899999993,5285.3479800000005,5034.52501,4358.00853,3658.9959999999996,2659.475,2915.92298,3136.0694900000008,2447.796,2530.671,2912.475,2991.5782,2382.50725,2669.6279,498.66589999999997
INDUSTRIA MANUFACTURERA,Productos Alimenticios,857.2660000000001,9287.273000000001,9588.997000000001,11257.197,11323.25,14502.012000000006,13144.848000000015,11304.611,12997.79,12938.834110000002,18782.86326,23876.62543,44064.40374000001,36252.14381,39462.51003000004,37270.73364000002,23068.727069999997,15343.79016000001,15871.237819999997,11173.418960000005,15170.588640000005,18065.03923,17244.935580000005,16111.571829999999,10775.503470000001,9639.13225,13045.28922999999,15328.649459999991,9113.416979999995,13066.133370000001,25344.891289999996,31363.88859,38797.51754000001,8125.219349999999
INDUSTRIA MANUFACTURERA,Sustancias y Productos Químicos,2186.7809999999995,2334.6349999999998,4210.240000000001,3477.318000000001,1019.1220000000001,73.281,172.03600000000006,535.3059999999999,533.6859999999999,651.1694000000001,3481.1589700000004,3819.1240300000004,4572.59015,4636.525630000001,8945.036780000002,6593.188970000001,9613.601940000004,8091.168229999995,15572.654379999996,21405.64368,18845.755790000003,16768.29361,15630.664409999996,12974.023489999996,13149.215429999998,17120.36445999999,20349.732499999995,25157.24297000001,25244.319589999985,33660.84476,43118.24298,37477.23858,50122.65204,13027.353070000001
INDUSTRIA MANUFACTURERA,Carbonato de Litio,,,,,,,,,,,,,,,,,,,,,,,,,19.325000000000003,45.01,30.0,,,1009.0,630.003,320.225,1832.14911,980.0
INDUSTRIA MANUFACTURERA,Leche en Polvo y Fluida,,,170.197,615.045,60.54,447.37399999999997,696.502,587.0600000000001,3958.8,5210.346,6076.8859999999995,3966.3295000000003,3056.3,1834.675,3690.4416,2988.2032,784.024,3815.5119999999997,4687.5689999999995,2565.6007999999997,5229.2002999999995,11901.84799,18731.639799999994,15501.911999999993,15809.198400000001,6727.005120000001,4193.98432,4865.98416,6236.33104,9136.064480000001,9606.0456,10385.328000000001,6718.170000000001,1528.7640000000001
INDUSTRIA MANUFACTURERA,Fabricación de muebles de Madera,202.84400000000002,1062.271,1019.8419999999999,871.899,982.9470000000001,1224.973,2043.0479999999998,3065.8869999999997,2684.927,1831.3463699999995,1820.81333,2358.6729,2709.4585700000002,2991.7196600000007,5328.5413499999995,10456.000000000002,7042.62755,6741.953960000001,7629.4786,5319.107679999999,1489.2015499999998,1024.0143,904.7271700000002,1294.3332800000003,858.29128,882.1973999999998,811.5857999999997,766.4975799999999,671.81429,1141.1998200000003,1107.1467,504.98461999999995,835.61788,85.90125
INDUSTRIA MANUFACTURERA,Gas Licuado de Petróleo (GLP),,,,,,,4658.866,12037.762,20333.142,19197.888,13227.0,4507.0,6887.546,2889.2340000000004,,,,,,,465.38,5577.74,37692.74,38508.78,127491.57,111562.89,102559.99000000002,125499.33999999998,98143.45000000001,132186.14972000002,128721.79000000001,73452.92,40612.979999999996,3110.3199999999997
INDUSTRIA MANUFACTURERA,Palmitos,248.51200000000003,891.8549999999999,1947.143,1833.3790000000004,3160.9709999999995,3777.5829999999996,3886.8019999999997,1945.108,1742.705,1776.5480000000002,1320.3006,2365.2567599999998,2981.85738,3314.8316999999997,3727.77224,4123.794000000001,3742.25664,3541.1154,5564.60863,6116.475099999999,6849.87665,6947.83479,6361.987400000001,6046.40628,5490.915779999999,6177.03018,5536.056979999999,4659.937639999999,5913.05527,5221.245800000001,5281.73496,5007.1039,4833.58316,1069.6091999999999
INDUSTRIA MANUFACTURERA,Preparaciones Alimenticias de Aceites Vegetales,,,,,,61.916,10027.149,28753.339,36412.439999999995,23313.081159999998,13637.670000000002,7036.0704,10045.495200000001,4050.9274399999995,6068.698,8200.253999999999,7182.028,12827.679,9560.648000000001,8830.298999999999,8446.061,7056.082,6057.137999999998,3354.3100000000004,4520.582,4103.67969,4233.572999999999,3269.97508,3561.4200900000005,3832.4906699999997,3045.165,3244.1605799999998,1677.12743,548.99812
INDUSTRIA MANUFACTURERA,Otros Metales Manufacturados,772.3709999999999,1133.7549999999999,709.547,667.5210000000001,605.914,632.1299999999999,520.0690000000001,746.099,974.6449999999998,5162.521599999997,1816.1982300000002,1061.5040899999997,1405.0370600000003,1159.8332899999994,2648.3532999999993,3076.103249999999,2808.2106400000007,3110.365320000001,8725.432520000004,13681.7702,16468.569130000007,10398.66616,9007.503999999992,3562.7030700000014,3260.5106299999998,11283.03893,14278.077950000003,6896.265600000001,3156.6849699999993,40654.875289999996,29578.625229999998,26494.66621,25024.046919999997,6337.9507699999995
INDUSTRIA MANUFACTURERA,Urea Granulada,,,,,,,,,,,,,,,,,,,,,,,,,,,238794.59100000001,305677.885,21736.0,49072.0,328503.563,232021.11,505458.0,96380.0
INDUSTRIA MANUFACTURERA,Carne de la Especie Bovina,,,,50.073,246.0,54.525,308.907,176.0,341.859,497.29400000000004,361.5896,188.21390000000002,673.7758999999999,1072.5159,1321.6520000000003,1326.896,625.4199999999998,251.81383,295.49411999999995,621.8299800000001,1126.94446,2715.785889999999,3068.0409,3091.5830100000003,2457.2565099999997,2456.9697300000003,3068.51565,4939.436409999998,15961.783589999997,18312.35683,20373.298890000002,28178.43951,45067.92048,7503.0609
INDUSTRIA MANUFACTURERA,Metales con Materia Prima Importada,1610.112,4087.91,4999.239,5060.793,4922.425,3487.623,,,,,,,,,,,,,,,,,,,,,,,,,,,,
INDUSTRIA MANUFACTURERA,Acido Orto bórico,,,,,4891.5,6483.6,9024.461000000001,10134.326000000001,7039.726000000001,200.0,3590.221,11665.20404,14180.832439999998,13588.99684,13040.919600000001,15032.3488,10538.848,11113.577840000002,12843.4886,13741.5276,15007.4372,14985.462,16388.199999999997,17713.125,17239.35,15126.7,15865.35,1930.0,124.0,2966.458,1519.4,6068.0,9518.5328,1699.0644000000002
INDUSTRIA MANUFACTURERA,Cobre Refinado Cátodos,,,,,,,,,,,,,,,,,,,620.8,925.7484999999999,963.6814999999999,1173.6345,2081.9694999999997,1860.9080000000001,1799.21075,2374.18278,3263.2169400000002,2672.1883199999997,2094.1935999999996,1603.1145,1248.497,2063.83311,1852.74478,100.0
INDUSTRIA MANUFACTURERA,Joyería de Plata,0.5980000000000001,15.631,0.041,0.28400000000000003,0.15200000000000002,0.679,0.17300000000000001,0.279,0.336,1.6171,1.3262900000000002,1.3870000000000002,1.98851,2.28976,2.29111,1.63425,5.630250000000001,6.99459,5.996779999999999,2.9247799999999997,2.7222299999999997,2.7619,2.1236,2.0776600000000003,1.2080199999999999,1.9631899999999998,0.5271,0.026179999999999995,0.014450000000000001,0.01869,0.00814,0.00426,0.018179999999999995,0.00025
INDUSTRIA MANUFACTURERA,Productos de Galletería y Panadería,,6.604,17.182,0.335,0.823,0.3,637.732,74.43900000000001,801.5779999999999,164.618,29.014000000000003,880.04097,37.56081,8.1037,21.105900000000002,109.45816,657.5166299999997,845.8619499999999,2825.2561400000004,3494.2539300000008,2301.1839299999992,3523.804599999999,3439.61869,3807.8566000000005,4290.92454,5463.211460000001,5427.1590099999985,5556.07491,4160.531660000001,4673.76529,4633.938630000001,3271.26221,3433.73056,687.40416
INDUSTRIA MANUFACTURERA,Bebidas,1279.4599999999998,1878.5030000000002,2533.594,4461.098000000001,4642.458,5477.309999999994,11993.610999999995,9347.518999999998,2985.871999999999,2397.9435799999997,2578.39147,4495.9393900000005,3252.3149699999994,4331.984700000001,5087.801470000001,4533.92593,2722.2149899999995,3217.5746000000004,6218.53446,4632.877629999998,4658.309840000002,4555.374969999998,5000.1057900000005,4408.638260000001,3973.005390000001,422.9109000000001,285.00805999999994,928.91911,298.33380000000005,219.72735999999998,173.74961,218.91334999999998,159.16978,66.11453
INDUSTRIA MANUFACTURERA,Calzados,24.521000000000004,164.55900000000003,124.407,89.98100000000001,159.77699999999993,255.91599999999997,96.71700000000003,52.53399999999999,82.25700000000002,109.38675000000005,45.37470000000001,54.83935000000002,100.86381,216.1850700000001,334.53192999999993,299.0684299999999,277.9349199999999,241.80961999999997,258.4428900000001,298.2394299999999,221.22463999999994,165.61013000000005,156.41292999999996,128.3181,91.66499000000003,63.632709999999975,54.52815,34.10582999999999,17.718589999999995,19.15625,67.29116,106.93651000000001,153.31451,15.758429999999997
INDUSTRIA MANUFACTURERA,Papel y Productos de Papel,573.0740000000001,733.8600000000001,519.763,1001.6210000000001,169.784,246.537,931.609,462.275,622.2450000000001,221.6922,195.82584000000006,127.29089,2402.4333400000005,1220.6446499999993,1608.8583099999994,1306.47195,2008.0576899999996,514.4955700000002,1143.3303400000002,1703.2409799999994,936.0616900000001,810.4105500000003,3564.1272899999994,3465.4566200000004,3378.8551299999995,4081.35948,3962.2822799999985,5595.553089999999,6886.13658,11628.24657,17897.50683,9644.30205,11672.22797,3904.7829200000006
INDUSTRIA MANUFACTURERA,Productos de Tabacos,52.83,118.9,341.81699999999995,526.11,624.2950000000001,578.588,477.52,428.38300000000004,294.87199999999996,262.53499999999997,218.35300000000004,164.1484,92.52608,89.77033,95.61705,82.9875,112.56699999999998,208.65500000000006,190.961,62.111999999999995,13.465,,,,0.00312,0.08332,0.19811,0.08572000000000002,0.09551,0.039169999999999996,0.06276,4.26423,10.22798,2.5629299999999997
INDUSTRIA MANUFACTURERA,Algodón e Hilados de Algodón,,1128.1100000000001,1060.0,447.0,964.0,1048.01,1050.0,875.0,805.0,1150.0,1028.2,1200.0,605.0,766.0,1168.0,848.0,912.0,1152.0,1152.0,934.0,656.0,93.0,,,,,,,,,,,,
INDUSTRIA MANUFACTURERA,Cacao,146.79999999999998,165.911,63.231,57.12300000000001,78.04700000000001,97.32000000000001,96.00799999999998,113.57199999999999,131.391,187.81902,176.11354999999998,181.63858000000002,194.53159999999997,203.35590000000002,266.6193,230.1735,250.26237999999998,118.88913,280.17407999999995,130.3573,184.7037,181.56304000000003,125.43604999999997,114.07909000000001,215.04036999999997,275.29789,310.31152000000003,302.34425,210.80286999999998,248.47934999999998,290.82644,203.60795,354.71803,82.15812
INDUSTRIA MANUFACTURERA,Fabricación de muebles con otro material,,0.023,15.306999999999999,2.9299999999999997,2.24,5.651,29.77,4.328,2.2239999999999993,26.999000000000002,617.5747700000001,535.9810200000001,742.74781,1192.0586099999998,919.6697600000002,259.59559,220.73276,165.21885,74.63279999999999,77.99381999999999,27.89716,146.80959000000001,62.692,68.61510000000001,67.60319,92.91172,141.86441,71.51039,42.57888,76.85374,1.0641,2.2916000000000003,70.4598,59.78718
INDUSTRIA MANUFACTURERA,Barras de Plomo,65.893,138.081,51.312,21.621000000000002,337.941,101.28099999999999,245.997,140.35899999999998,135.963,116.433,62.97122,38.751000000000005,234.20699999999997,341.28499999999997,573.0511,489.20849999999996,665.7272,534.6155000000001,134.204,,88.50099999999999,50.5825,,262.5257,1157.58808,1152.444,346.97672,581.271,273.546,518.44718,169.715,166.77107999999998,342.45155,
INDUSTRIA MANUFACTURERA,Cloruro de Potasio,,,,,,,,,,,,,,,,,,,,,,,,,,,2680.0,28230.322,9123.163,32345.0,48132.15,74752.05,52330.0,11213.0
INDUSTRIA MANUFACTURERA,Café Elaborado,466.1,76.02799999999999,98.797,43.300000000000004,1.298,1.51,0.8999999999999999,1.076,2.6839999999999997,2.7633600000000005,3.512,13.65525,37.86650000000001,2.91762,0.5597,0.40750000000000003,2.2930699999999997,440.3692899999999,208.80861999999996,2.03316,3.8126600000000006,2.9246600000000003,0.6931599999999999,2.77229,0.15448,0.11112,,1.08443,0.297,3.6,0.05,,3.2722099999999994,2.4
INDUSTRIA MANUFACTURERA,Zinc en Bruto Sin Alear,,,14.0,,,,756.1500000000001,113.39999999999999,,,,,,,,,,,,,,,,,,,,,,,,,,
INDUSTRIA MANUFACTURERA,Otras Manufacturas,2925.088000000001,4047.706000000005,5621.222,7190.381999999995,12470.161000000007,10541.09300000001,12981.154000000022,14694.330000000036,36492.0029999999,25096.780919999983,28767.112679999987,29780.471149999965,48817.04226,57219.104069999965,65694.69384999992,64765.592549999965,57868.15723999994,37859.81151000002,63059.75492999997,100631.03912999995,147300.93517000024,168219.1978799999,163778.30251000013,142108.0035500002,118435.55830000014,299633.06791999994,250681.31385000004,259669.87438999987,211783.93248000005,313749.5653,279895.19675,168516.06605999998,237329.51095000005,89666.45787000001
ENERGÍA ELÉCTRICA,ENERGÍA ELÉCTRICA,,,,,,,,,,,,,,,,,,,,,,,,,,,,,,0.0,,,,
REEXPORTACIONES(1),REEXPORTACIONES(1),3562.442000000002,2891.3549999999987,7949.235000000002,5498.3080000000045,3727.0440000000035,2093.133000000001,5482.093000000006,12664.226,9917.90600000001,18132.499490000064,6563.003180000024,11207.10847000003,13132.323250000014,10300.342520000004,12128.235879999998,12049.976200000016,15849.005550000045,9608.29673000003,10208.011450000022,5799.634070000004,17759.289039999996,14538.028240000005,10375.337140000025,16102.403479999992,10599.738980000024,10155.63535,9786.214629999982,12856.359469999998,9257.637219999997,13812.200009999999,6876.102240000005,8214.12134,10343.513579999999,854.7409099999995
EFECTOS PERSONALES,EFECTOS PERSONALES,632.309,560.427,693.137,742.249,799.5690000000002,772.437,866.588,983.558,1847.104,1286.1166,1046.35475,1138.5864900000001,1074.2126999999998,1075.28575,1028.3276799999999,1115.79295,1526.09878,1405.4486200000001,1304.43451,761.3060099999999,797.72526,565.58596,578.82001,739.22092,565.35889,821.00237,875.5382000000001,1097.0661400000001,374.09944,450.4638,453.9900600000001,436.55365,451.48181,152.8716
